<application>
  <component name="TipsStore">
    <option name="globalFirstStartUp" value="false" />
    <entry projectPath="D:/codes/java/eService_FE" startUpFlag="FIRST" />
    <entry projectPath="D:/codes/java/eservice_fe_browser" startUpFlag="FIRST" />
    <entry projectPath="D:/codes/java/eservice_fe_browser/eservice-client" startUpFlag="FIRST" />
    <entry projectPath="D:/codes/java/java-bus" startUpFlag="FIRST" />
    <entry projectPath="D:/codes/work/certbase" startUpFlag="FIRST" />
    <entry projectPath="D:/codes/work/eService_Collaboration" startUpFlag="FIRST" />
    <entry projectPath="D:/codes/work/eService_FE" startUpFlag="FIRST" />
    <entry projectPath="D:/codes/work/encryptbase" startUpFlag="FIRST" />
  </component>
</application>