<application>
  <component name="FileTypeManager" version="17">
    <extensionMap>
      <mapping ext="gradle.kts" type="Kotlin" />
      <mapping ext="main.kts" type="Kotlin" />
      <mapping pattern=".ideavimrc" type="PLAIN_TEXT" />
      <mapping pattern="placeholder" type="PLAIN_TEXT" />
      <mapping ext="crt" type="PLAIN_TEXT" />
      <mapping ext="dat" type="PLAIN_TEXT" />
      <mapping ext="crl" type="PLAIN_TEXT" />
      <mapping ext="cer" type="PLAIN_TEXT" />
      <mapping pattern="application-pro" type="YAML" />
      <removed_mapping ext="log" approved="true" type="Catdea" />
      <removed_mapping ext="nsi" approved="true" type="PLAIN_TEXT" />
      <removed_mapping pattern="nsi" approved="true" type="NSIS script" />
    </extensionMap>
  </component>
</application>