<application>
  <component name="FileTypeManager" version="18">
    <extensionMap>
      <mapping pattern="bak" type="AUTO_DETECTED" />
      <mapping ext="bat" type="Cmd" />
      <mapping ext="space.kts" type="Kotlin" />
      <mapping ext="gradle.kts" type="Kotlin" />
      <mapping ext="main.kts" type="Kotlin" />
      <mapping pattern=".ideavimrc" type="PLAIN_TEXT" />
      <mapping pattern="placeholder" type="PLAIN_TEXT" />
      <mapping ext="prperties" type="PLAIN_TEXT" />
      <mapping ext="ks" type="PLAIN_TEXT" />
      <mapping ext="der" type="PLAIN_TEXT" />
      <mapping ext="crt" type="PLAIN_TEXT" />
      <mapping ext="dat" type="PLAIN_TEXT" />
      <mapping ext="pem" type="PLAIN_TEXT" />
      <mapping ext="crl" type="PLAIN_TEXT" />
      <mapping ext="cer" type="PLAIN_TEXT" />
      <mapping pattern="application-pro" type="YAML" />
      <removed_mapping ext="apk" approved="true" type="ARCHIVE" />
      <removed_mapping ext="bat" approved="true" type="Bat" />
      <removed_mapping ext="cmd" approved="true" type="Batch" />
      <removed_mapping ext="ignore" approved="true" type="IgnoreLang file" />
      <removed_mapping ext="json" approved="true" type="JSON" />
      <removed_mapping ext="log" approved="true" type="Catdea" />
      <removed_mapping ext="nsi" approved="true" type="PLAIN_TEXT" />
      <removed_mapping ext="psd" approved="true" type="Image" />
      <removed_mapping ext="yaml" approved="true" type="YAML" />
      <removed_mapping pattern="nsi" approved="true" type="NSIS script" />
    </extensionMap>
  </component>
</application>