<application>
  <component name="FindSettings">
    <option name="customScope" value="File '...\src\main\java\com\inspur\spmm\api\boss\service\reconciliation\ReconciliationServiceImpl.java'" />
    <option name="defaultScopeName" value="File '...\src\main\java\com\inspur\spmm\api\boss\service\reconciliation\ReconciliationServiceImpl.java'" />
    <option name="regularExpressions" value="true" />
    <option name="REGULAR_EXPRESSIONS" value="true" />
    <option name="SEARCH_SCOPE" value="File '...\src\main\java\com\inspur\spmm\api\boss\service\reconciliation\ReconciliationServiceImpl.java'" />
    <option name="FILE_MASK" value="*.*java" />
    <mask>*.properties</mask>
    <mask>*.html</mask>
    <mask>*.xml</mask>
    <mask>*.java</mask>
    <mask>*.as</mask>
    <mask>*.css</mask>
    <mask>*.mxml</mask>
    <mask>*.jsp</mask>
    <mask>*.js</mask>
    <mask>*.*</mask>
    <mask>*.*jsp</mask>
    <mask>*.*js</mask>
    <mask>*.*java</mask>
  </component>
</application>