<application>
  <component name="FindSettings">
    <option name="customScope" value="All Places" />
    <option name="defaultScopeName" value="All Places" />
    <option name="regularExpressions" value="true" />
    <option name="REGULAR_EXPRESSIONS" value="true" />
    <option name="SEARCH_SCOPE" value="All Places" />
    <option name="FILE_MASK" value="*.*" />
    <mask>*.properties</mask>
    <mask>*.html</mask>
    <mask>*.xml</mask>
    <mask>*.java</mask>
    <mask>*.as</mask>
    <mask>*.css</mask>
    <mask>*.mxml</mask>
    <mask>*.jsp</mask>
    <mask>*.js</mask>
    <mask>*.*jsp</mask>
    <mask>*.*js</mask>
    <mask>*.*java</mask>
    <mask>*.*xml</mask>
    <mask>*.*</mask>
  </component>
</application>