<application>
  <component name="GeneralSettings">
    <option name="autoSaveIfInactive" value="true" />
    <option name="inactiveTimeout" value="10" />
    <option name="reopenLastProject" value="false" />
  </component>
  <component name="Registry">
    <entry key="ide.balloon.shadow.size" value="0" />
    <entry key="editor.distraction.free.mode" value="true" />
    <entry key="compiler.automake.allow.when.app.running" value="true" />
    <entry key="ide.settings.move.mouse.on.default.button" value="true" />
    <entry key="debugger.async.jdi" value="false" />
  </component>
  <component name="StatusBar">
    <option name="widgets">
      <map>
        <entry key="Memory" value="true" />
      </map>
    </option>
  </component>
</application>