<application>
  <component name="GitRememberedInputs">
    <option name="visitedUrls">
      <list>
        <UrlAndUserName>
          <option name="url" value="https://github.com/heyefu19920626/IDEA-WorkSpaces" />
          <option name="userName" value="" />
        </UrlAndUserName>
        <UrlAndUserName>
          <option name="url" value="https://github.com/heyefu19920626/TankGame_V1.git" />
          <option name="userName" value="" />
        </UrlAndUserName>
        <UrlAndUserName>
          <option name="url" value="https://github.com/heyefu19920626/Struts1_test.git" />
          <option name="userName" value="" />
        </UrlAndUserName>
        <UrlAndUserName>
          <option name="url" value="https://github.com/heyefu19920626/StrutsLogin.git" />
          <option name="userName" value="" />
        </UrlAndUserName>
        <UrlAndUserName>
          <option name="url" value="https://github.com/heyefu19920626/PersonalWebsiteStruts.git" />
          <option name="userName" value="" />
        </UrlAndUserName>
        <UrlAndUserName>
          <option name="url" value="http://192.168.3.10" />
          <option name="userName" value="heyefu" />
        </UrlAndUserName>
        <UrlAndUserName>
          <option name="url" value="http://github.com" />
          <option name="userName" value="heyefu19920626" />
        </UrlAndUserName>
        <UrlAndUserName>
          <option name="url" value="http://10.30.50.10" />
          <option name="userName" value="heyefu" />
        </UrlAndUserName>
      </list>
    </option>
    <option name="cloneParentDir" value="F:\IDEA-WorkSpaces" />
  </component>
  <component name="Vcs.Log.App.Settings">
    <option name="COLUMN_ORDER">
      <list>
        <option value="0" />
        <option value="1" />
        <option value="2" />
        <option value="3" />
      </list>
    </option>
  </component>
</application>