<application>
  <component name="AppStorage">
    <histories>
      <item value="schedule" />
      <item value="Interceptor" />
      <item value="flat" />
      <item value="produces" />
      <item value="Appenders" />
      <item value="strategy" />
      <item value="Customize" />
      <item value="fetch" />
      <item value="preservation" />
      <item value="Proxy" />
      <item value="Breaker" />
      <item value="Circuit" />
      <item value="Payment" />
      <item value="exposure" />
      <item value="endpoints" />
      <item value="Scope" />
      <item value="Balanced" />
      <item value="variants" />
      <item value="preferred" />
      <item value="entrySet()&quot; should be iterated when both the key and value are needed" />
      <item value="Center" />
      <item value="Netflix" />
      <item value="site lifecycle" />
      <item value="lifecycle" />
      <item value="specific" />
      <item value="proposal" />
      <item value="Send transaction to one of the orderers on the channel using the usercontext set on the client" />
      <item value="intended" />
      <item value="ensures" />
      <item value="out" />
      <item value="appropriate" />
      <item value="Could be a primitive - likely." />
      <item value="SHOULD sit in a package, so a length check is worthwhile." />
      <item value="Most class names will be quite long, considering that they" />
      <item value="Primitive" />
      <item value="determine" />
      <item value="DELIMITERS" />
      <item value="Injected" />
      <item value="Marker superinterface indicating that a bean is eligible to be * notified by the Spring container of a particular framework object * through a callback-style method. Actual method signature is * determined by individual subinterfaces, but should typically * consist of just one void-returning method that accepts a single * argument." />
      <item value="Aware" />
      <item value="Attachment" />
      <item value="assignee" />
      <item value="signla" />
      <item value="* 视频管理扩展Service实现类." />
      <item value="视频管理扩展Service实现类" />
      <item value="返回信息" />
    </histories>
    <option name="languageScores">
      <map>
        <entry key="CHINESE" value="32" />
        <entry key="ENGLISH" value="33" />
        <entry key="FRENCH" value="1" />
      </map>
    </option>
  </component>
  <component name="Settings">
    <option name="baiduTranslateSettings">
      <app-key>
        <option name="appId" value="20190704000314622" />
      </app-key>
    </option>
    <option name="ignoreRegExp" value="" />
    <option name="separators" value="" />
    <option name="showStatusIcon" value="false" />
    <option name="showWordForms" value="false" />
    <option name="youdaoTranslateSettings">
      <youdao-translate>
        <option name="appId" value="34694e69be236ff5" />
      </youdao-translate>
    </option>
  </component>
</application>