<application>
  <component name="AppStorage">
    <histories>
      <item value="协议" />
      <item value="worktaker" />
      <item value="Congfig" />
      <item value="Config" />
      <item value="Format" />
      <item value="formater" />
      <item value="exists" />
      <item value="exits" />
      <item value="秒" />
      <item value="second" />
      <item value="后缀" />
      <item value="认证" />
      <item value="forbbiden" />
      <item value="禁止" />
      <item value="销毁" />
      <item value="有效" />
      <item value="invid" />
      <item value="invilid" />
      <item value="The name of a supported" />
      <item value="模糊" />
      <item value="Obsure" />
      <item value="exit" />
      <item value="issuer" />
      <item value="解析" />
      <item value="毫秒" />
      <item value="来源" />
      <item value="Block" />
      <item value="Energy Pack" />
      <item value="Strategy" />
      <item value="deferral" />
      <item value="EXPIRE" />
      <item value="* Remove the specified keys. If a given key does not exist no operation is performed for this * key. The command returns the number of keys removed. Time complexity: O(1) * @param keys * @return Integer reply, specifically: an integer greater than 0 if one or more keys were removed * 0 if none of the specified key existed *" />
      <item value="Constraints" />
      <item value="invalid" />
      <item value="No Such Algorithm Exception" />
      <item value="外部" />
      <item value="account" />
      <item value="* A simple utility class that signs and verifies files. * &lt;p&gt; * To sign a file: SignedFileProcessor -s [-a] fileName secretKey passPhrase.&lt;br&gt; * If -a is specified the output file will be &quot;ascii-armored&quot;. * &lt;p&gt; * To decrypt: SignedFileProcessor -v fileName publicKeyFile. * &lt;p&gt; * &lt;b&gt;Note&lt;/b&gt;: this example will silently overwrite files, nor does it pay any attention to * the specification of &quot;_CONSOLE&quot; in the filename. It also expects that a single pass phrase * will have been used. * &lt;p&gt; * &lt;b&gt;Note&lt;/b&gt;: the example also makes use of PGP compression. If you are having difficulty getting it * to interoperate with other PGP programs try removing the use of compression first. */" />
      <item value="verify the passed in file as being correctly signed." />
      <item value="calculator to use in key finger print calculations." />
      <item value="verify the signature in in against the file fileName" />
      <item value="conver" />
      <item value="cover" />
      <item value="Enterprise" />
      <item value="Inspect" />
      <item value="Prefix" />
      <item value="* Copies the specified array, truncating or padding with null characters (if necessary) * so the copy has the specified length. For all indices that are valid * in both the original array and the copy, the two arrays will contain * identical values. For any indices that are valid in the copy but not * the original, the copy will contain &lt;tt&gt;'\\u000'&lt;/tt&gt;. Such indices * will exist if and only if the specified length is greater than that of * the original array." />
      <item value="Occupy Space" />
      <item value="Successed" />
      <item value="Utility routine to check if the InetAddress is an link local address." />
    </histories>
    <option name="languageScores">
      <map>
        <entry key="CHINESE" value="123" />
        <entry key="ENGLISH" value="124" />
        <entry key="BULGARIAN" value="1" />
        <entry key="DANISH" value="1" />
        <entry key="RUSSIAN" value="1" />
        <entry key="FRENCH" value="2" />
        <entry key="LATIN" value="1" />
        <entry key="PORTUGUESE" value="2" />
        <entry key="ITALIAN" value="1" />
        <entry key="HINDI" value="1" />
      </map>
    </option>
  </component>
  <component name="Settings">
    <option name="baiduTranslateSettings">
      <app-key>
        <option name="appId" value="20190704000314622" />
      </app-key>
    </option>
    <option name="googleTranslateSettings">
      <google-translate>
        <option name="useTranslateGoogleCom" value="true" />
      </google-translate>
    </option>
    <option name="ignoreRegExp" value="" />
    <option name="separators" value="" />
    <option name="showWordForms" value="false" />
    <option name="translateDocumentation" value="false" />
    <option name="translator" value="fanyi.huawei" />
  </component>
</application>