<application>
  <component name="AppStorage">
    <histories>
      <item value="scheduler" />
      <item value="The main entry point for the VFS" />
      <item value="Additional" />
      <item value="The name of the field in the output containing the row number" />
      <item value="The name of the field in the output containing the filename" />
      <item value="Flag indicating that we should include the filename in the output" />
      <item value="Wildcard or filemask to exclude" />
      <item value="Wildcard or filemask" />
      <item value="Wildcard" />
      <item value="dividing" />
      <item value="We use this instead of java.util.BitSet because we need access to the long[] data field" />
      <item value="optimal" />
      <item value="strategy" />
      <item value="a default expected false positive probability of 3%" />
      <item value="positive" />
      <item value="Insertions" />
      <item value="expected" />
      <item value="Primitive Sink" />
      <item value="Funnels" />
      <item value="Preconditions" />
      <item value="A template for executing high-level operations." />
      <item value="gateway" />
      <item value="Register the user, enroll the user, and import the new identity into the wallet." />
      <item value="enroll" />
      <item value="contract" />
      <item value="Enrollment" />
      <item value="Enrollment Request" />
      <item value="Create a CA client for interacting with the CA" />
      <item value="Enroll" />
      <item value="interacting" />
      <item value="get the network and contract" />
      <item value="enrollment" />
      <item value="wallet" />
      <item value="The name of the identity stored in the wallet" />
      <item value="Transaction" />
      <item value="Contract" />
      <item value="indicate" />
      <item value="schedule" />
      <item value="Interceptor" />
      <item value="flat" />
      <item value="produces" />
      <item value="Appenders" />
      <item value="Customize" />
      <item value="fetch" />
      <item value="preservation" />
      <item value="Proxy" />
      <item value="Breaker" />
      <item value="Circuit" />
      <item value="Payment" />
      <item value="exposure" />
    </histories>
    <option name="languageScores">
      <map>
        <entry key="CHINESE" value="71" />
        <entry key="ENGLISH" value="72" />
        <entry key="FRENCH" value="1" />
      </map>
    </option>
  </component>
  <component name="Settings">
    <option name="baiduTranslateSettings">
      <app-key>
        <option name="appId" value="20190704000314622" />
      </app-key>
    </option>
    <option name="ignoreRegExp" value="" />
    <option name="separators" value="" />
    <option name="showStatusIcon" value="false" />
    <option name="showWordForms" value="false" />
    <option name="youdaoTranslateSettings">
      <youdao-translate>
        <option name="appId" value="34694e69be236ff5" />
      </youdao-translate>
    </option>
  </component>
</application>