<application>
  <component name="AppStorage">
    <histories>
      <item value="完整性" />
      <item value="Primitive" />
      <item value="合法" />
      <item value="正确" />
      <item value="Mutual" />
      <item value="Progress" />
      <item value="Determines whether the access request indicated by the specified permission should be allowed or denied, based on the current AccessControlContext and security policy. This method quietly returns if the access request is permitted, or throws an AccessControlException otherwise. The getPermission method of the AccessControlException returns the {@code perm} Permission object instance. @param perm the requested permission. @exception AccessControlException if the specified permission is not permitted, based on the current security policy. @exception NullPointerException if the specified permission is {@code null} and is checked based on the security policy currently in effect." />
      <item value="Process" />
      <item value="accept ranges" />
      <item value="Idle" />
      <item value="PANEL" />
      <item value="透明" />
      <item value="底部" />
      <item value="min" />
      <item value="extent" />
      <item value="value" />
      <item value="orientation" />
      <item value="Strut" />
      <item value="Vertical" />
      <item value="thickness" />
      <item value="preferred" />
      <item value="directions" />
      <item value="experiment" />
      <item value="Matrix" />
      <item value="HORIZONTAL" />
      <item value="column" />
      <item value="Param" />
      <item value="Creates and executes a periodic action that becomes enabled first after the given initial delay, and subsequently with the given period; that is executions will commence after {@code initialDelay} then {@code initialDelay+period}, then {@code initialDelay + 2 period}, and so on. If any execution of the task encounters an exception, subsequent executions are suppressed. Otherwise, the task will only terminate via cancellation or termination of the executor. If any execution of this task takes longer than its period, then subsequent executions may start late, but will not concurrently execute. @param command the task to execute @param initialDelay the time to delay first execution @param period the period between successive executions @param unit the time unit of the initialDelay and period parameters @return a ScheduledFuture representing pending completion of the task, and whose {@code get()} method will throw an exception upon cancellation @throws RejectedExecutionException if the task cannot be scheduled for execution @throws NullPointerException if command is null @throws IllegalArgumentException if period less than or equal to zero public ScheduledFuture&lt;?&gt; s" />
      <item value="逗号" />
      <item value="栈" />
      <item value="Stack" />
      <item value="Palindrome" />
      <item value="Queue" />
      <item value="Deque" />
      <item value="No permission to access this feature" />
      <item value="数量" />
      <item value="大于" />
      <item value="Barrier" />
      <item value="Cyclic" />
      <item value="A synchronization aid that allows a set of threads to all wait for each other to reach a common barrier point. CyclicBarriers are useful in programs involving a fixed sized party of threads that must occasionally wait for each other. The barrier is called &lt;em&gt;cyclic&lt;em&gt; because it can be re-used after the waiting threads are released. &lt;p&gt;A {@code CyclicBarrier} supports an optional {@link Runnable} command that is run once per barrier point, after the last thread in the party arrives, but before any threads are released. This &lt;em&gt;barrier action&lt;em&gt; is useful for updating shared-state before any of the parties continue. &lt;p&gt;&lt;b&gt;Sample usage:&lt;b&gt; Here is an example of using a barrier in a parallel decomposition design: &lt;pre&gt; {@code class Solver { final int N; final float[][] data; final CyclicBarrier barrier; class Worker implements Runnable { int myRow; Worker(int row) { myRow = row; } public void run() { while (!done()) { processRow(myRow); try { barrier.await(); } catch (InterruptedException ex) { return; } catch (BrokenBarrierException ex) { return; } } } } public Solver(float[][] matrix) { data = matrix; N = matrix.length; Runnable barrierAction = new Runnable() { public void run() { mergeRows(...); }}; barrier = new CyclicBarrier(N, barrierAction); List&lt;Thread&gt; threads = new ArrayList&lt;Thread&gt;(N); for (int i = 0; i &lt; N; i++) { Thread thread = new Thread(new Worker(i)); threads.add(thread); thread.start(); } wait until done for (Thread thread : threads) thread.join(); } }}&lt;pre&gt; Here, each worker thread processes a row of the matrix then waits at the barrier until all rows have been processed. When all rows are processed the supplied {@link Runnable} barrier action is executed and merges the rows. If the merger determines that a solution has been found then {@code done()} will return {@code true} and each worker will terminate. &lt;p&gt;If the barrier action does not rely on the parties being suspended when it is executed, then any of the threads in the party could execute that action when it is released. To facilitate this, each invocation of {@link await} returns the arrival index of that thread at the barrier. You can then choose which thread should execute the barrier action, for example: &lt;pre&gt; {@code if (barrier.await() == 0) { log the completion of this iteration }}&lt;pre&gt; &lt;p&gt;The {@code CyclicBarrier} uses an all-or-none breakage model for failed synchronization attempts: If a thread leaves a barrier point prematurely because of interruption, failure, or timeout, all other threads waiting at that barrier point will also leave abnormally via {@link BrokenBarrierException} (or {@link InterruptedException} if they too were interrupted at about the same time). &lt;p&gt;Memory consistency effects: Actions in a thread prior to calling {@code await()} &lt;a href=&quot;package-summary.htmlMemoryVisibility&quot;&gt;&lt;i&gt;happen-before&lt;i&gt;&lt;a&gt; actions that are part of the barrier action, which in turn &lt;i&gt;happen-before&lt;i&gt; actions following a successful return from the corresponding {@code await()} in other threads. @since 1.5 @see CountDownLatch @author Doug Lea public class C" />
      <item value="标准" />
      <item value="stand" />
      <item value="Slot" />
      <item value="PROVIDER" />
      <item value="特殊" />
      <item value="留下的" />
      <item value="剩下的" />
      <item value="剩余" />
      <item value="收件箱" />
      <item value="From" />
    </histories>
    <option name="languageScores">
      <map>
        <entry key="CHINESE" value="150" />
        <entry key="ENGLISH" value="151" />
        <entry key="BULGARIAN" value="1" />
        <entry key="DANISH" value="1" />
        <entry key="RUSSIAN" value="1" />
        <entry key="FRENCH" value="2" />
        <entry key="LATIN" value="1" />
        <entry key="PORTUGUESE" value="2" />
        <entry key="ITALIAN" value="1" />
        <entry key="HINDI" value="1" />
      </map>
    </option>
  </component>
  <component name="Cache">
    <option name="lastTrimTime" value="1607742884464" />
  </component>
  <component name="Settings">
    <option name="translateDocumentation" value="true" />
  </component>
</application>