<keymap version="1" name="Default copy" parent="$default">
  <action id="$ChooseTranslatorAction">
    <keyboard-shortcut first-keystroke="shift ctrl alt y" />
  </action>
  <action id="ActivateDatabaseToolWindow">
    <keyboard-shortcut first-keystroke="shift d" />
  </action>
  <action id="ActivateGradleToolWindow">
    <keyboard-shortcut first-keystroke="shift g" />
  </action>
  <action id="ActivateJRebelExecutorToolWindow">
    <keyboard-shortcut first-keystroke="shift 1" />
  </action>
  <action id="ActivateMavenToolWindow">
    <keyboard-shortcut first-keystroke="shift m" />
  </action>
  <action id="ActivateTODOToolWindow">
    <keyboard-shortcut first-keystroke="shift t" />
  </action>
  <action id="AliP3CInspectionAction">
    <keyboard-shortcut first-keystroke="alt s" />
  </action>
  <action id="CheckinFiles">
    <keyboard-shortcut first-keystroke="ctrl alt c" />
  </action>
  <action id="ChooseDebugConfiguration" />
  <action id="CodeCompletion">
    <keyboard-shortcut first-keystroke="alt slash" />
  </action>
  <action id="Console.TableResult.DeleteRows" />
  <action id="CopyPaths" />
  <action id="CopyReferencePopup">
    <keyboard-shortcut first-keystroke="shift ctrl c" />
  </action>
  <action id="DatabaseView.CopyDdlAction">
    <keyboard-shortcut first-keystroke="shift ctrl alt g" />
  </action>
  <action id="Debug">
    <keyboard-shortcut first-keystroke="shift alt f9" />
  </action>
  <action id="Editor ChooseTranslatorAction">
    <keyboard-shortcut first-keystroke="shift ctrl alt y" />
  </action>
  <action id="EditorDeleteLine" />
  <action id="Git.Pull">
    <keyboard-shortcut first-keystroke="alt p" />
  </action>
  <action id="Gsonformat">
    <keyboard-shortcut first-keystroke="shift s" />
  </action>
  <action id="HiCode.Cmetrics">
    <keyboard-shortcut first-keystroke="shift q" />
  </action>
  <action id="HiCode.CodeCheck-FindBugs">
    <keyboard-shortcut first-keystroke="shift f" />
  </action>
  <action id="HiCode.CodeCommit.CheckinFiles">
    <keyboard-shortcut first-keystroke="shift y" />
  </action>
  <action id="HiCode.CodeReview">
    <keyboard-shortcut first-keystroke="shift r" />
  </action>
  <action id="HiCode.CodeSocial">
    <keyboard-shortcut first-keystroke="shift o" />
  </action>
  <action id="HippieCompletion" />
  <action id="IntroduceConstant" />
  <action id="JRebel Debug">
    <keyboard-shortcut first-keystroke="shift f9" />
  </action>
  <action id="OpenCodotaSearch">
    <keyboard-shortcut first-keystroke="ctrl y" />
  </action>
  <action id="OpenFile">
    <keyboard-shortcut first-keystroke="alt o" />
  </action>
  <action id="RevealIn">
    <keyboard-shortcut first-keystroke="alt e" />
  </action>
  <action id="Scala.ShowImplicits">
    <keyboard-shortcut first-keystroke="shift ctrl alt equals" />
    <keyboard-shortcut first-keystroke="shift ctrl alt add" />
  </action>
  <action id="ShowSettings">
    <keyboard-shortcut first-keystroke="alt comma" />
  </action>
  <action id="ToggleFullScreen">
    <keyboard-shortcut first-keystroke="shift ctrl f11" />
  </action>
  <action id="ToggleZenMode">
    <keyboard-shortcut first-keystroke="shift ctrl alt f11" />
  </action>
  <action id="UpdateRunningApplication">
    <keyboard-shortcut first-keystroke="shift f5" />
  </action>
  <action id="ViewMainMenu">
    <keyboard-shortcut first-keystroke="alt x" />
  </action>
  <action id="ViewMenu">
    <keyboard-shortcut first-keystroke="shift v" />
  </action>
  <action id="ViewStatusBar">
    <keyboard-shortcut first-keystroke="alt minus" />
  </action>
  <action id="ViewToolButtons">
    <keyboard-shortcut first-keystroke="alt equals" />
  </action>
  <action id="WebServicesPlugin.CreateRESTClient">
    <keyboard-shortcut first-keystroke="shift h" />
  </action>
  <action id="android.deploy.ApplyChanges">
    <keyboard-shortcut first-keystroke="ctrl f10" />
  </action>
  <action id="android.deploy.CodeSwap">
    <keyboard-shortcut first-keystroke="ctrl alt f10" />
  </action>
  <action id="com.alibabacloud.intellij.action.group.ExplorerGroup">
    <keyboard-shortcut first-keystroke="shift a" />
  </action>
  <action id="editRunConfigurations">
    <keyboard-shortcut first-keystroke="shift e" />
  </action>
</keymap>