<keymap version="1" name="macOS copy" parent="Mac OS X 10.5+">
  <action id="$EditorTranslateAction">
    <keyboard-shortcut first-keystroke="shift ctrl y" />
  </action>
  <action id="ActivateCommitToolWindow">
    <keyboard-shortcut first-keystroke="ctrl k" />
  </action>
  <action id="ActivateDatabaseToolWindow">
    <keyboard-shortcut first-keystroke="shift d" />
  </action>
  <action id="ActivateGradleToolWindow">
    <keyboard-shortcut first-keystroke="shift g" />
  </action>
  <action id="ActivateMavenToolWindow">
    <keyboard-shortcut first-keystroke="shift m" />
  </action>
  <action id="Back">
    <keyboard-shortcut first-keystroke="ctrl meta left" />
  </action>
  <action id="ChangesView.AddUnversioned">
    <keyboard-shortcut first-keystroke="ctrl meta a" />
  </action>
  <action id="CheckinFiles">
    <keyboard-shortcut first-keystroke="ctrl meta c" />
  </action>
  <action id="CodeCompletion">
    <keyboard-shortcut first-keystroke="ctrl space" />
    <keyboard-shortcut first-keystroke="meta slash" />
  </action>
  <action id="CollapseAll">
    <keyboard-shortcut first-keystroke="ctrl minus" />
  </action>
  <action id="CollapseAllRegions">
    <keyboard-shortcut first-keystroke="shift ctrl minus" />
  </action>
  <action id="CollapseExpandableComponent">
    <keyboard-shortcut first-keystroke="shift enter" />
    <keyboard-shortcut first-keystroke="ctrl minus" />
  </action>
  <action id="CollapseRegion">
    <keyboard-shortcut first-keystroke="ctrl minus" />
  </action>
  <action id="CommentByBlockComment">
    <keyboard-shortcut first-keystroke="shift ctrl slash" />
  </action>
  <action id="CommentByLineComment">
    <keyboard-shortcut first-keystroke="ctrl slash" />
  </action>
  <action id="Compile" />
  <action id="Console.TableResult.Reload">
    <keyboard-shortcut first-keystroke="meta r" />
  </action>
  <action id="DatabaseView.Refresh">
    <keyboard-shortcut first-keystroke="meta r" />
  </action>
  <action id="Debug">
    <keyboard-shortcut first-keystroke="shift ctrl f9" />
  </action>
  <action id="EditBreakpoint">
    <keyboard-shortcut first-keystroke="shift ctrl f8" />
  </action>
  <action id="EditSource">
    <keyboard-shortcut first-keystroke="f4" />
  </action>
  <action id="Editor EditorTranslateAction">
    <keyboard-shortcut first-keystroke="shift ctrl y" />
  </action>
  <action id="EditorCompleteStatement">
    <keyboard-shortcut first-keystroke="shift ctrl enter" />
  </action>
  <action id="EditorCutLineEnd" />
  <action id="EditorLeft">
    <keyboard-shortcut first-keystroke="left" />
  </action>
  <action id="EditorLineEnd">
    <keyboard-shortcut first-keystroke="end" />
    <keyboard-shortcut first-keystroke="meta right" />
  </action>
  <action id="EditorSplitLine" />
  <action id="EditorTextStart" />
  <action id="ExpandAll">
    <keyboard-shortcut first-keystroke="meta add" />
    <keyboard-shortcut first-keystroke="ctrl equals" />
  </action>
  <action id="ExpandAllRegions">
    <keyboard-shortcut first-keystroke="shift ctrl equals" />
  </action>
  <action id="ExpandRegion">
    <keyboard-shortcut first-keystroke="ctrl equals" />
  </action>
  <action id="ExternalSystem.ProjectRefreshAction">
    <keyboard-shortcut first-keystroke="shift ctrl o" />
  </action>
  <action id="FileStructurePopup">
    <keyboard-shortcut first-keystroke="ctrl f12" />
  </action>
  <action id="Forward">
    <keyboard-shortcut first-keystroke="ctrl meta right" />
  </action>
  <action id="Git.Pull">
    <keyboard-shortcut first-keystroke="alt p" />
  </action>
  <action id="Github.PullRequest.Changes.Reload">
    <keyboard-shortcut first-keystroke="meta r" />
  </action>
  <action id="Github.PullRequest.Details.Reload">
    <keyboard-shortcut first-keystroke="meta r" />
  </action>
  <action id="Github.PullRequest.List.Reload">
    <keyboard-shortcut first-keystroke="meta r" />
  </action>
  <action id="Github.PullRequest.Timeline.Update">
    <keyboard-shortcut first-keystroke="meta r" />
  </action>
  <action id="GotoClass" />
  <action id="GotoDeclaration">
    <keyboard-shortcut first-keystroke="ctrl b" />
  </action>
  <action id="GotoFile">
    <keyboard-shortcut first-keystroke="shift ctrl n" />
  </action>
  <action id="GotoImplementation">
    <keyboard-shortcut first-keystroke="ctrl meta b" />
  </action>
  <action id="HideAllWindows">
    <keyboard-shortcut first-keystroke="shift ctrl f12" />
  </action>
  <action id="IntroduceVariable">
    <keyboard-shortcut first-keystroke="ctrl meta v" />
  </action>
  <action id="JRebel Debug">
    <keyboard-shortcut first-keystroke="shift f9" />
  </action>
  <action id="MethodDown">
    <keyboard-shortcut first-keystroke="meta down" />
  </action>
  <action id="MethodOverloadSwitchDown" />
  <action id="MethodUp">
    <keyboard-shortcut first-keystroke="meta up" />
  </action>
  <action id="NextWindow" />
  <action id="OpenCodotaSearch">
    <keyboard-shortcut first-keystroke="ctrl y" />
  </action>
  <action id="OpenFile">
    <keyboard-shortcut first-keystroke="alt o" />
  </action>
  <action id="OptimizeImports">
    <keyboard-shortcut first-keystroke="ctrl meta o" />
  </action>
  <action id="QuickJavaDoc">
    <keyboard-shortcut first-keystroke="ctrl q" />
  </action>
  <action id="RecentFiles">
    <keyboard-shortcut first-keystroke="ctrl e" />
  </action>
  <action id="ReformatCode">
    <keyboard-shortcut first-keystroke="ctrl meta l" />
  </action>
  <action id="Rerun">
    <keyboard-shortcut first-keystroke="ctrl f5" />
  </action>
  <action id="RevealIn">
    <keyboard-shortcut first-keystroke="meta e" />
  </action>
  <action id="Run">
    <keyboard-shortcut first-keystroke="shift ctrl r" />
  </action>
  <action id="RunClass">
    <keyboard-shortcut first-keystroke="shift ctrl r" />
    <keyboard-shortcut first-keystroke="shift ctrl f10" />
  </action>
  <action id="RunMenu">
    <keyboard-shortcut first-keystroke="alt r" />
  </action>
  <action id="SaveAll">
    <keyboard-shortcut first-keystroke="ctrl s" />
    <keyboard-shortcut first-keystroke="meta s" />
  </action>
  <action id="SearchEverywhere.NavigateToNextGroup">
    <keyboard-shortcut first-keystroke="meta down" />
  </action>
  <action id="SelectNextOccurrence">
    <keyboard-shortcut first-keystroke="meta j" />
  </action>
  <action id="ShowBookmarks">
    <keyboard-shortcut first-keystroke="shift ctrl f11" />
  </action>
  <action id="ShowIntentionActions">
    <keyboard-shortcut first-keystroke="meta enter" />
  </action>
  <action id="ShowNavBar">
    <keyboard-shortcut first-keystroke="meta home" />
  </action>
  <action id="ShowProjectStructureSettings">
    <keyboard-shortcut first-keystroke="shift ctrl meta s" />
  </action>
  <action id="ShowSettings">
    <keyboard-shortcut first-keystroke="ctrl meta s" />
  </action>
  <action id="ToggleBookmark">
    <keyboard-shortcut first-keystroke="f11" />
  </action>
  <action id="ToggleBookmarkWithMnemonic">
    <keyboard-shortcut first-keystroke="alt f11" />
  </action>
  <action id="ToggleLineBreakpoint">
    <keyboard-shortcut first-keystroke="ctrl f8" />
  </action>
  <action id="Toolkit.GotoService">
    <keyboard-shortcut first-keystroke="ctrl meta n" />
  </action>
  <action id="UpdateRunningApplication">
    <keyboard-shortcut first-keystroke="shift f5" />
  </action>
  <action id="UsageGrouping.FileStructure" />
  <action id="Vcs.Log.Refresh">
    <keyboard-shortcut first-keystroke="meta r" />
  </action>
  <action id="Vcs.Push">
    <keyboard-shortcut first-keystroke="shift ctrl k" />
  </action>
  <action id="Vcs.QuickListPopupAction">
    <keyboard-shortcut first-keystroke="meta back_quote" />
  </action>
  <action id="Vcs.ShowMessageHistory">
    <keyboard-shortcut first-keystroke="ctrl m" />
  </action>
  <action id="ViewBreakpoints">
    <keyboard-shortcut first-keystroke="shift ctrl f8" />
  </action>
  <action id="ViewMenu">
    <keyboard-shortcut first-keystroke="alt v" />
  </action>
  <action id="ViewStatusBar">
    <keyboard-shortcut first-keystroke="alt minus" />
  </action>
  <action id="ViewToolButtons">
    <keyboard-shortcut first-keystroke="alt equals" />
  </action>
  <action id="editRunConfigurations">
    <keyboard-shortcut first-keystroke="shift e" />
  </action>
  <action id="hg4idea.QRefresh">
    <keyboard-shortcut first-keystroke="meta r" />
  </action>
</keymap>