<keymap version="1" name="Default copy" parent="$default">
  <action id="$ChooseTranslatorAction">
    <keyboard-shortcut first-keystroke="shift ctrl alt y" />
  </action>
  <action id="ActivateMavenToolWindow">
    <keyboard-shortcut first-keystroke="shift b" />
  </action>
  <action id="AliP3CInspectionAction">
    <keyboard-shortcut first-keystroke="alt s" />
  </action>
  <action id="CheckinFiles">
    <keyboard-shortcut first-keystroke="ctrl alt c" />
  </action>
  <action id="CodeCompletion">
    <keyboard-shortcut first-keystroke="alt slash" />
  </action>
  <action id="Editor ChooseTranslatorAction">
    <keyboard-shortcut first-keystroke="shift ctrl alt y" />
  </action>
  <action id="Git.Pull">
    <keyboard-shortcut first-keystroke="alt p" />
  </action>
  <action id="HippieCompletion" />
  <action id="IntroduceConstant" />
  <action id="IntroduceVariable" />
  <action id="Scala.ShowImplicits">
    <keyboard-shortcut first-keystroke="shift ctrl alt equals" />
    <keyboard-shortcut first-keystroke="shift ctrl alt add" />
  </action>
  <action id="ToggleFullScreen">
    <keyboard-shortcut first-keystroke="shift ctrl f11" />
  </action>
  <action id="Vcs.QuickListPopupAction">
    <keyboard-shortcut first-keystroke="alt escape" />
  </action>
  <action id="ViewStatusBar">
    <keyboard-shortcut first-keystroke="alt minus" />
  </action>
  <action id="ViewToolButtons">
    <keyboard-shortcut first-keystroke="alt equals" />
  </action>
  <action id="WebServicesPlugin.CreateRESTClient">
    <keyboard-shortcut first-keystroke="alt r" />
  </action>
</keymap>