<application>
  <component name="FindSettings">
    <option name="customScope" value="File '.../src/main/java/mode/behavioral/observer/Observer.java'" />
    <option name="defaultScopeName" value="File '.../src/main/java/mode/behavioral/observer/Observer.java'" />
    <option name="localRegularExpressions" value="true" />
    <option name="LOCAL_REGULAR_EXPRESSIONS" value="true" />
    <option name="SEARCH_SCOPE" value="File '.../src/main/java/mode/behavioral/observer/Observer.java'" />
    <option name="FILE_MASK" value="*.*" />
    <mask>*.properties</mask>
    <mask>*.html</mask>
    <mask>*.jsp</mask>
    <mask>*.xml</mask>
    <mask>*.java</mask>
    <mask>*.js</mask>
    <mask>*.as</mask>
    <mask>*.css</mask>
    <mask>*.mxml</mask>
    <mask>*.*</mask>
  </component>
</application>