<application>
  <component name="MaterialThemeConfig">
    <option name="allowDataCollection" value="true" />
    <option name="isWizardShown" value="true" />
    <option name="settingsSelectedTab" value="3" />
    <option name="accentColor" value="ff79c5" />
    <option name="highlightColor" value="80cbc4" />
    <option name="selectedTheme" value="DRACULA" />
    <option name="userId" value="-710adc13:16aba099dad:-8000" />
    <option name="version" value="4.11.4" />
  </component>
</application>