<application>
  <component name="AppStorage">
    <histories>
      <item value="* 视频管理扩展Service实现类." />
      <item value="视频管理扩展Service实现类" />
      <item value="返回信息" />
    </histories>
    <option name="languageScores">
      <map>
        <entry key="CHINESE" value="2" />
        <entry key="ENGLISH" value="2" />
      </map>
    </option>
  </component>
  <component name="Settings">
    <option name="ignoreRegExp" value="" />
    <option name="translator" value="ai.youdao" />
    <option name="youdaoTranslateSettings">
      <youdao-translate>
        <option name="appId" value="34694e69be236ff5" />
        <option name="appKeyConfigured" value="true" />
      </youdao-translate>
    </option>
  </component>
</application>