<application>
  <component name="CodotaSettings">
    <option name="methodCompletionsPercentageSet" value="true" />
    <option name="id" value="ed2786a6-6669-40f7-b7eb-87a1642e7abb" />
    <option name="wasRunBefore" value="true" />
    <option name="firstRun" value="1596940275759" />
    <option name="generation" value="116" />
    <option name="updateGeneration" value="1" />
    <option name="isInJSBeta" value="YES" />
    <option name="isMethodCompletionsPercentageActive" value="true" />
    <option name="isMethodCompletionsPercentageSet" value="true" />
    <option name="testedFeatureFlags">
      <set>
        <option value="deep-completions" />
      </set>
    </option>
    <option name="usedLanguages">
      <set>
        <option value="java" />
      </set>
    </option>
  </component>
</application>