<application>
  <component name="GeneralSettings">
    <option name="showTipsOnStartup" value="false" />
    <option name="reopenLastProject" value="false" />
    <option name="autoSaveIfInactive" value="true" />
    <option name="confirmExit" value="false" />
    <option name="confirmOpenNewProject2" value="0" />
    <option name="inactiveTimeout" value="10" />
  </component>
  <component name="Registry">
    <entry key="ide.mac.transparentTitleBarAppearance" value="true" />
    <entry key="editor.distraction.free.mode" value="true" />
    <entry key="ide.experimental.ui" value="true" />
    <entry key="ide.balloon.shadow.size" value="0" />
    <entry key="debugger.new.tool.window.layout" value="true" />
    <entry key="ide.editor.tab.selection.animation" value="true" />
    <entry key="ide.new.editor.tabs.vertical.borders" value="true" />
    <entry key="ide.animate.toolwindows" value="true" />
    <entry key="editor.focus.mode.color.light" value="6272a4" />
    <entry key="editor.focus.mode.color.dark" value="6272a4" />
  </component>
  <component name="StatusBar">
    <option name="widgets">
      <map>
        <entry key="Memory" value="true" />
      </map>
    </option>
  </component>
</application>