<application>
  <component name="AppStorage">
    <histories>
      <item value="Tokenizer" />
      <item value="正确" />
      <item value="corrent" />
      <item value="密文" />
      <item value="interrupted" />
      <item value="yield" />
      <item value="INTERRUPTING" />
      <item value="EXCEPTIONAL" />
      <item value="COMPLETING" />
      <item value="an approximation to the total amount of memory currently * available for future allocated objects, measured in bytes" />
      <item value="Expection" />
      <item value="Global" />
    </histories>
    <option name="languageScores">
      <map>
        <entry key="CHINESE" value="10" />
        <entry key="ENGLISH" value="11" />
        <entry key="CATALAN" value="1" />
      </map>
    </option>
  </component>
</application>