<application>
  <component name="AppStorage">
    <histories>
      <item value="interrupted" />
      <item value="yield" />
      <item value="INTERRUPTING" />
      <item value="EXCEPTIONAL" />
      <item value="COMPLETING" />
      <item value="an approximation to the total amount of memory currently * available for future allocated objects, measured in bytes" />
      <item value="Expection" />
      <item value="Global" />
    </histories>
    <option name="languageScores">
      <map>
        <entry key="CHINESE" value="7" />
        <entry key="ENGLISH" value="8" />
      </map>
    </option>
  </component>
  <component name="Settings">
    <option name="ignoreRegExp" value="" />
  </component>
</application>