<application>
  <component name="AppStorage">
    <histories>
      <item value="round" />
      <item value="even" />
      <item value="前缀和" />
      <item value="小于" />
      <item value="单调" />
      <item value="Priority" />
      <item value="元素" />
      <item value="package" />
      <item value="密文" />
      <item value="最短" />
      <item value="杨辉三角" />
      <item value="Tokenizer" />
      <item value="正确" />
      <item value="corrent" />
      <item value="interrupted" />
      <item value="yield" />
      <item value="INTERRUPTING" />
      <item value="EXCEPTIONAL" />
      <item value="COMPLETING" />
      <item value="an approximation to the total amount of memory currently * available for future allocated objects, measured in bytes" />
      <item value="Expection" />
      <item value="Global" />
    </histories>
    <option name="languageScores">
      <map>
        <entry key="CHINESE" value="17" />
        <entry key="ENGLISH" value="18" />
        <entry key="CATALAN" value="1" />
      </map>
    </option>
  </component>
  <component name="Cache">
    <option name="lastTrimTime" value="1664082209753" />
  </component>
  <component name="Translation.Cache">
    <option name="lastTrimTime" value="1697246608802" />
  </component>
  <component name="Translation.States">
    <histories>
      <item value="面试" />
      <item value="栈" />
      <item value="Stack" />
      <item value="利润" />
      <item value="位运算" />
    </histories>
    <option name="languageScores">
      <map>
        <entry key="CHINESE" value="4" />
        <entry key="CHINESE_TRADITIONAL" value="1" />
        <entry key="ENGLISH" value="5" />
      </map>
    </option>
  </component>
</application>